{"cameraMode":{"drawMode":0,"name":"Shaded","section":"Shading Mode"},"sceneLighting":true,"audioPlay":false,"sceneViewState":{"showFog":true,"showMaterialUpdate":false,"showSkybox":true,"showFlares":true,"showImageEffects":true,"showParticleSystems":true},"in2DMode":false,"pivot":{"x":225.21481323242188,"y":52.632896423339847,"z":41.06258773803711},"rotation":{"x":0.22436079382896424,"y":-0.38454946875572207,"z":0.09700945764780045,"w":0.8902756571769714},"size":2.1213202476501467,"orthographic":false}